frame.number,frame.time,wlan.sa,wlan.ra,frame.len,wlan.fc.retry,wlan.bssid,wlan.seq,wlan_radio.channel,wlan.fc.type,wlan.fc.subtype,wlan.fixed.timestamp,wlan.fixed.beacon,wlan.ssid,wlan.rsn.akms.count,wlan.rsn.akms.type,wlan.fixed.auth.alg,wlan.fixed.auth_seq,wlan.fixed.status_code,wlan.fixed.finite_cyclic_group,wlan.fixed.aid,wlan.fixed.reason_code,eapol.keydes.type,wlan_rsna_eapol.keydes.msgnr
1,"Jul 30, 2023 13:09:52.582520000 BST",00:5f:67:c9:86:04,ff:ff:ff:ff:ff:ff,380,0,00:5f:67:c9:86:04,400,48,0,8,0x0000000a55398839,0,Orange-8605,2,3,,,,,,,,
2,"Jul 30, 2023 13:09:53.948044000 BST",00:5f:67:c9:86:04,ff:ff:ff:ff:ff:ff,380,0,00:5f:67:c9:86:04,401,48,0,8,0x0000000a554e4629,0,Orange-8605,2,3,,,,,,,,
3,"Jul 30, 2023 13:09:55.644760000 BST",00:5f:67:c9:86:04,ff:ff:ff:ff:ff:ff,380,0,00:5f:67:c9:86:04,402,48,0,8,0x0000000a556a236e,0,Orange-8605,2,3,,,,,,,,
4,"Jul 30, 2023 13:10:00.154910000 BST",00:5f:67:c9:86:04,ff:ff:ff:ff:ff:ff,431,0,00:5f:67:c9:86:04,403,48,0,8,0x0000000a5589d043,0,Orange-8605,2,3,,,,,,,,
5,"Jul 30, 2023 13:10:00.780101000 BST",00:5f:67:c9:86:04,ff:ff:ff:ff:ff:ff,431,0,00:5f:67:c9:86:04,404,48,0,8,0x0000000a55b88476,0,Orange-8605,2,3,,,,,,,,
6,"Jul 30, 2023 13:10:01.822020000 BST",00:5f:67:c9:86:04,ff:ff:ff:ff:ff:ff,380,0,00:5f:67:c9:86:04,405,48,0,8,0x0000000a55c86995,0,Orange-8605,2,3,,,,,,,,
7,"Jul 30, 2023 13:10:02.865299000 BST",00:5f:67:c9:86:04,ff:ff:ff:ff:ff:ff,380,0,00:5f:67:c9:86:04,406,48,0,8,0x0000000a55d853fe,0,Orange-8605,2,3,,,,,,,,
8,"Jul 30, 2023 13:10:03.887776000 BST",00:5f:67:c9:86:04,ff:ff:ff:ff:ff:ff,380,0,00:5f:67:c9:86:04,407,48,0,8,0x0000000a55e7f3b6,0,Orange-8605,2,3,,,,,,,,
9,"Jul 30, 2023 13:10:08.371650000 BST",00:5f:67:c9:86:04,ff:ff:ff:ff:ff:ff,431,0,00:5f:67:c9:86:04,408,48,0,8,0x0000000a56293025,0,Orange-8605,2,3,,,,,,,,
10,"Jul 30, 2023 13:10:09.010303000 BST",00:5f:67:c9:86:04,ff:ff:ff:ff:ff:ff,431,0,00:5f:67:c9:86:04,409,48,0,8,0x0000000a5636140a,0,Orange-8605,2,3,,,,,,,,
11,"Jul 30, 2023 13:10:10.057432000 BST",00:5f:67:c9:86:04,ff:ff:ff:ff:ff:ff,380,0,00:5f:67:c9:86:04,410,48,0,8,0x0000000a5645b478,0,Orange-8605,2,3,,,,,,,,
12,"Jul 30, 2023 13:10:11.174046000 BST",00:5f:67:c9:86:04,ff:ff:ff:ff:ff:ff,380,0,00:5f:67:c9:86:04,411,48,0,8,0x0000000a5657140b,0,Orange-8605,2,3,,,,,,,,
13,"Jul 30, 2023 13:10:12.118580000 BST",00:5f:67:c9:86:04,ff:ff:ff:ff:ff:ff,380,0,00:5f:67:c9:86:04,412,48,0,8,0x0000000a5665881f,0,Orange-8605,2,3,,,,,,,,
14,"Jul 30, 2023 13:10:16.536398000 BST",00:5f:67:c9:86:04,ff:ff:ff:ff:ff:ff,431,0,00:5f:67:c9:86:04,413,48,0,8,0x0000000a567a7059,0,Orange-8605,2,3,,,,,,,,
15,"Jul 30, 2023 13:10:17.237682000 BST",00:5f:67:c9:86:04,ff:ff:ff:ff:ff:ff,431,0,00:5f:67:c9:86:04,414,48,0,8,0x0000000a56b3a7ef,0,Orange-8605,2,3,,,,,,,,
16,"Jul 30, 2023 13:10:18.265682000 BST",00:5f:67:c9:86:04,ff:ff:ff:ff:ff:ff,380,0,00:5f:67:c9:86:04,415,48,0,8,0x0000000a56c347c4,0,Orange-8605,2,3,,,,,,,,
17,"Jul 30, 2023 13:10:19.289023000 BST",00:5f:67:c9:86:04,ff:ff:ff:ff:ff:ff,431,0,00:5f:67:c9:86:04,416,48,0,8,0x0000000a56d2e760,0,Orange-8605,2,3,,,,,,,,
18,"Jul 30, 2023 13:10:20.294017000 BST",00:5f:67:c9:86:04,ff:ff:ff:ff:ff:ff,380,0,00:5f:67:c9:86:04,417,48,0,8,0x0000000a56e24e22,0,Orange-8605,2,3,,,,,,,,
19,"Jul 30, 2023 13:10:24.776753000 BST",00:5f:67:c9:86:04,ff:ff:ff:ff:ff:ff,431,0,00:5f:67:c9:86:04,418,48,0,8,0x0000000a571cf041,0,Orange-8605,2,3,,,,,,,,
20,"Jul 30, 2023 13:10:25.395026000 BST",00:5f:67:c9:86:04,ff:ff:ff:ff:ff:ff,431,0,00:5f:67:c9:86:04,419,48,0,8,0x0000000a5730141d,0,Orange-8605,2,3,,,,,,,,
21,"Jul 30, 2023 13:10:26.378098000 BST",00:5f:67:c9:86:04,ff:ff:ff:ff:ff:ff,380,0,00:5f:67:c9:86:04,420,48,0,8,0x0000000a573f2468,0,Orange-8605,2,3,,,,,,,,
22,"Jul 30, 2023 13:10:27.438791000 BST",00:5f:67:c9:86:04,ff:ff:ff:ff:ff:ff,380,0,00:5f:67:c9:86:04,421,48,0,8,0x0000000a574f53f5,0,Orange-8605,2,3,,,,,,,,
23,"Jul 30, 2023 13:10:28.501841000 BST",00:5f:67:c9:86:04,ff:ff:ff:ff:ff:ff,380,0,00:5f:67:c9:86:04,422,48,0,8,0x0000000a575f87e0,0,Orange-8605,2,3,,,,,,,,
24,"Jul 30, 2023 13:10:32.920464000 BST",00:5f:67:c9:86:04,ff:ff:ff:ff:ff:ff,431,0,00:5f:67:c9:86:04,423,48,0,8,0x0000000a576e3037,0,Orange-8605,2,3,,,,,,,,
25,"Jul 30, 2023 13:10:33.587505000 BST",00:5f:67:c9:86:04,ff:ff:ff:ff:ff:ff,431,0,00:5f:67:c9:86:04,424,48,0,8,0x0000000a57ad13f2,0,Orange-8605,2,3,,,,,,,,
26,"Jul 30, 2023 13:10:34.570053000 BST",00:5f:67:c9:86:04,ff:ff:ff:ff:ff:ff,380,0,00:5f:67:c9:86:04,425,48,0,8,0x0000000a57bc2484,0,Orange-8605,2,3,,,,,,,,
27,"Jul 30, 2023 13:10:35.637070000 BST",00:5f:67:c9:86:04,ff:ff:ff:ff:ff:ff,380,0,00:5f:67:c9:86:04,426,48,0,8,0x0000000a57cc5445,0,Orange-8605,2,3,,,,,,,,
28,"Jul 30, 2023 13:10:36.622960000 BST",00:5f:67:c9:86:04,ff:ff:ff:ff:ff:ff,431,0,00:5f:67:c9:86:04,427,48,0,8,0x0000000a57db645e,0,Orange-8605,2,3,,,,,,,,
29,"Jul 30, 2023 13:10:41.112775000 BST",00:5f:67:c9:86:04,ff:ff:ff:ff:ff:ff,431,0,00:5f:67:c9:86:04,428,48,0,8,0x0000000a57fad04d,0,Orange-8605,2,3,,,,,,,,
30,"Jul 30, 2023 13:10:41.797433000 BST",00:5f:67:c9:86:04,ff:ff:ff:ff:ff:ff,431,0,00:5f:67:c9:86:04,429,48,0,8,0x0000000a582a6ea9,0,Orange-8605,2,3,,,,,,,,
31,"Jul 30, 2023 13:10:42.799756000 BST",00:5f:67:c9:86:04,ff:ff:ff:ff:ff:ff,380,0,00:5f:67:c9:86:04,430,48,0,8,0x0000000a5839b459,0,Orange-8605,2,3,,,,,,,,
32,"Jul 30, 2023 13:10:43.787911000 BST",00:5f:67:c9:86:04,ff:ff:ff:ff:ff:ff,380,0,00:5f:67:c9:86:04,431,48,0,8,0x0000000a5848c472,0,Orange-8605,2,3,,,,,,,,
33,"Jul 30, 2023 13:10:44.839575000 BST",d6:7e:a7:8e:35:cb,ff:ff:ff:ff:ff:ff,208,0,d6:7e:a7:8e:35:cb,432,11,0,8,0x000000000002c7b9,0,Aya's Galaxy ,2,3,,,,,,,,
34,"Jul 30, 2023 13:10:44.848818000 BST",00:5f:67:c9:86:04,ff:ff:ff:ff:ff:ff,431,0,00:5f:67:c9:86:04,433,48,0,8,0x0000000a5858d4af,0,Orange-8605,2,3,,,,,,,,
35,"Jul 30, 2023 13:10:49.304499000 BST",d6:7e:a7:8e:35:cb,ff:ff:ff:ff:ff:ff,208,0,d6:7e:a7:8e:35:cb,432,11,0,8,0x00000000000c3466,0,Aya's Galaxy ,2,3,,,,,,,,
36,"Jul 30, 2023 13:10:49.304499000 BST",00:5f:67:c9:86:04,ff:ff:ff:ff:ff:ff,380,0,00:5f:67:c9:86:04,435,48,0,8,0x0000000a58678c27,0,Orange-8605,2,3,,,,,,,,
37,"Jul 30, 2023 13:10:49.973611000 BST",d6:7e:a7:8e:35:cb,ff:ff:ff:ff:ff:ff,208,0,d6:7e:a7:8e:35:cb,432,11,0,8,0x0000000000515bd3,0,Aya's Galaxy ,2,3,,,,,,,,
38,"Jul 30, 2023 13:10:49.973611000 BST",00:5f:67:c9:86:04,ff:ff:ff:ff:ff:ff,431,0,00:5f:67:c9:86:04,437,48,0,8,0x0000000a58a73367,0,Orange-8605,2,3,,,,,,,,
39,"Jul 30, 2023 13:10:50.993626000 BST",d6:7e:a7:8e:35:cb,ff:ff:ff:ff:ff:ff,208,0,d6:7e:a7:8e:35:cb,432,11,0,8,0x00000000006087a7,0,Aya's Galaxy ,2,3,,,,,,,,
40,"Jul 30, 2023 13:10:50.993626000 BST",00:5f:67:c9:86:04,ff:ff:ff:ff:ff:ff,380,0,00:5f:67:c9:86:04,439,48,0,8,0x0000000a58b6948e,0,Orange-8605,2,3,,,,,,,,
41,"Jul 30, 2023 13:10:51.822898000 BST",d6:7e:a7:8e:35:cb,ff:ff:ff:ff:ff:ff,208,0,d6:7e:a7:8e:35:cb,432,11,0,8,0x00000000006d04b4,0,Aya's Galaxy ,2,3,,,,,,,,
42,"Jul 30, 2023 13:10:51.822898000 BST",00:5f:67:c9:86:04,ff:ff:ff:ff:ff:ff,380,0,00:5f:67:c9:86:04,441,48,0,8,0x0000000a58c3542c,0,Orange-8605,2,3,,,,,,,,
43,"Jul 30, 2023 13:10:53.020808000 BST",d6:7e:a7:8e:35:cb,ff:ff:ff:ff:ff:ff,208,0,d6:7e:a7:8e:35:cb,432,11,0,8,0x00000000007fc7cb,0,Aya's Galaxy ,2,3,,,,,,,,
44,"Jul 30, 2023 13:10:53.021972000 BST",00:5f:67:c9:86:04,ff:ff:ff:ff:ff:ff,380,0,00:5f:67:c9:86:04,443,48,0,8,0x0000000a58d5a9d7,0,Orange-8605,2,3,,,,,,,,
45,"Jul 30, 2023 13:10:57.540987000 BST",d6:7e:a7:8e:35:cb,ff:ff:ff:ff:ff:ff,208,0,d6:7e:a7:8e:35:cb,432,11,0,8,0x0000000000891801,0,Aya's Galaxy ,2,3,,,,,,,,
46,"Jul 30, 2023 13:10:57.541730000 BST",00:5f:67:c9:86:04,ff:ff:ff:ff:ff:ff,431,0,00:5f:67:c9:86:04,,,,,,,,,,,,,,,,,
47,"Jul 30, 2023 13:10:58.126443000 BST",d6:7e:a7:8e:35:cb,ff:ff:ff:ff:ff:ff,208,0,d6:7e:a7:8e:35:cb,,,,,,,,,,,,,,,,,
48,"Jul 30, 2023 13:10:58.130306000 BST",00:5f:67:c9:86:04,ff:ff:ff:ff:ff:ff,431,0,00:5f:67:c9:86:04,,,,,,,,,,,,,,,,,
49,"Jul 30, 2023 13:10:59.290610000 BST",d6:7e:a7:8e:35:cb,ff:ff:ff:ff:ff:ff,208,0,d6:7e:a7:8e:35:cb,,,,,,,,,,,,,,,,,
50,"Jul 30, 2023 13:10:59.291456000 BST",00:5f:67:c9:86:04,ff:ff:ff:ff:ff:ff,380,0,00:5f:67:c9:86:04,,,,,,,,,,,,,,,,,
51,"Jul 30, 2023 13:11:00.198752000 BST",d6:7e:a7:8e:35:cb,ff:ff:ff:ff:ff:ff,208,0,d6:7e:a7:8e:35:cb,,,,,,,,,,,,,,,,,
52,"Jul 30, 2023 13:11:00.199753000 BST",00:5f:67:c9:86:04,ff:ff:ff:ff:ff:ff,380,0,00:5f:67:c9:86:04,,,,,,,,,,,,,,,,,
53,"Jul 30, 2023 13:11:01.194039000 BST",d6:7e:a7:8e:35:cb,ff:ff:ff:ff:ff:ff,208,0,d6:7e:a7:8e:35:cb,,,,,,,,,,,,,,,,,
54,"Jul 30, 2023 13:11:01.195040000 BST",00:5f:67:c9:86:04,ff:ff:ff:ff:ff:ff,380,0,00:5f:67:c9:86:04,,,,,,,,,,,,,,,,,
55,"Jul 30, 2023 13:11:05.688453000 BST",d6:7e:a7:8e:35:cb,ff:ff:ff:ff:ff:ff,208,0,d6:7e:a7:8e:35:cb,435,11,0,8,0x0000000000fcc82f,0,Aya's Galaxy ,2,3,,,,,,,,
56,"Jul 30, 2023 13:11:05.689503000 BST",00:5f:67:c9:86:04,ff:ff:ff:ff:ff:ff,431,0,00:5f:67:c9:86:04,455,48,0,8,0x0000000a5974f03e,0,Orange-8605,2,3,,,,,,,,
57,"Jul 30, 2023 13:11:06.313271000 BST",d6:7e:a7:8e:35:cb,ff:ff:ff:ff:ff:ff,208,0,d6:7e:a7:8e:35:cb,435,11,0,8,0x00000000014ae8e2,0,Aya's Galaxy ,2,3,,,,,,,,
58,"Jul 30, 2023 13:11:06.314281000 BST",00:5f:67:c9:86:04,ff:ff:ff:ff:ff:ff,431,0,00:5f:67:c9:86:04,457,48,0,8,0x0000000a59a08472,0,Orange-8605,2,3,,,,,,,,
59,"Jul 30, 2023 13:11:07.366715000 BST",d6:7e:a7:8e:35:cb,ff:ff:ff:ff:ff:ff,208,0,d6:7e:a7:8e:35:cb,435,11,0,8,0x00000000015a88a3,0,Aya's Galaxy ,2,3,,,,,,,,
60,"Jul 30, 2023 13:11:07.367718000 BST",00:5f:67:c9:86:04,ff:ff:ff:ff:ff:ff,380,0,00:5f:67:c9:86:04,459,48,0,8,0x0000000a59b09485,0,Orange-8605,2,3,,,,,,,,
61,"Jul 30, 2023 13:11:08.415645000 BST",d6:7e:a7:8e:35:cb,ff:ff:ff:ff:ff:ff,208,0,d6:7e:a7:8e:35:cb,435,11,0,8,0x00000000016a9c1a,0,Aya's Galaxy ,2,3,,,,,,,,
62,"Jul 30, 2023 13:11:08.415645000 BST",00:5f:67:c9:86:04,ff:ff:ff:ff:ff:ff,380,0,00:5f:67:c9:86:04,461,48,0,8,0x0000000a59c073a4,0,Orange-8605,2,3,,,,,,,,
63,"Jul 30, 2023 13:11:09.416604000 BST",d6:7e:a7:8e:35:cb,ff:ff:ff:ff:ff:ff,208,0,d6:7e:a7:8e:35:cb,435,11,0,8,0x000000000179c8bf,0,Aya's Galaxy ,2,3,,,,,,,,
64,"Jul 30, 2023 13:11:09.417604000 BST",00:5f:67:c9:86:04,ff:ff:ff:ff:ff:ff,380,0,00:5f:67:c9:86:04,463,48,0,8,0x0000000a59cfd54b,0,Orange-8605,2,3,,,,,,,,
65,"Jul 30, 2023 13:11:13.882322000 BST",d6:7e:a7:8e:35:cb,ff:ff:ff:ff:ff:ff,208,0,d6:7e:a7:8e:35:cb,435,11,0,8,0x000000000182a4ad,0,Aya's Galaxy ,2,3,,,,,,,,
66,"Jul 30, 2023 13:11:13.883326000 BST",00:5f:67:c9:86:04,ff:ff:ff:ff:ff:ff,380,0,00:5f:67:c9:86:04,465,48,0,8,0x0000000a59de5195,0,Orange-8605,2,3,,,,,,,,
67,"Jul 30, 2023 13:11:14.507077000 BST",d6:7e:a7:8e:35:cb,ff:ff:ff:ff:ff:ff,230,0,d6:7e:a7:8e:35:cb,435,11,0,8,0x0000000000073e8f,0,Aya's Galaxy ,2,3,,,,,,,,
68,"Jul 30, 2023 13:11:14.508078000 BST",00:5f:67:c9:86:04,ff:ff:ff:ff:ff:ff,431,0,00:5f:67:c9:86:04,467,48,0,8,0x0000000a5a1d8465,0,Orange-8605,2,3,,,,,,,,
69,"Jul 30, 2023 13:11:15.528470000 BST",d6:7e:a7:8e:35:cb,ff:ff:ff:ff:ff:ff,230,0,d6:7e:a7:8e:35:cb,435,11,0,8,0x000000000016dec3,0,Aya's Galaxy ,2,3,,,,,,,,
70,"Jul 30, 2023 13:11:15.528470000 BST",00:5f:67:c9:86:04,ff:ff:ff:ff:ff:ff,380,0,00:5f:67:c9:86:04,469,48,0,8,0x0000000a5a2d23ba,0,Orange-8605,2,3,,,,,,,,
71,"Jul 30, 2023 13:11:16.583538000 BST",d6:7e:a7:8e:35:cb,ff:ff:ff:ff:ff:ff,236,0,d6:7e:a7:8e:35:cb,435,11,0,8,0x0000000000271337,0,Aya's Galaxy ,2,3,,,,,,,,
72,"Jul 30, 2023 13:11:16.583538000 BST",00:5f:67:c9:86:04,ff:ff:ff:ff:ff:ff,380,0,00:5f:67:c9:86:04,471,48,0,8,0x0000000a5a3d376a,0,Orange-8605,2,3,,,,,,,,
73,"Jul 30, 2023 13:11:17.631672000 BST",d6:7e:a7:8e:35:cb,ff:ff:ff:ff:ff:ff,236,0,d6:7e:a7:8e:35:cb,435,11,0,8,0x000000000036b32b,0,Aya's Galaxy ,2,3,,,,,,,,
74,"Jul 30, 2023 13:11:17.632393000 BST",00:5f:67:c9:86:04,ff:ff:ff:ff:ff:ff,380,0,00:5f:67:c9:86:04,473,48,0,8,0x0000000a5a4d13b2,0,Orange-8605,2,3,,,,,,,,
75,"Jul 30, 2023 13:11:22.072983000 BST",d6:7e:a7:8e:35:cb,ff:ff:ff:ff:ff:ff,236,0,d6:7e:a7:8e:35:cb,435,11,0,8,0x000000000041a32b,0,Aya's Galaxy ,2,3,,,,,,,,
76,"Jul 30, 2023 13:11:22.072983000 BST",00:5f:67:c9:86:04,ff:ff:ff:ff:ff:ff,431,0,00:5f:67:c9:86:04,475,48,0,8,0x0000000a5a65901d,0,Orange-8605,2,3,,,,,,,,
77,"Jul 30, 2023 13:11:22.702756000 BST",d6:7e:a7:8e:35:cb,ff:ff:ff:ff:ff:ff,230,0,d6:7e:a7:8e:35:cb,435,11,0,8,0x0000000000843f69,0,Aya's Galaxy ,2,3,,,,,,,,
78,"Jul 30, 2023 13:11:22.702911000 BST",00:5f:67:c9:86:04,ff:ff:ff:ff:ff:ff,431,0,00:5f:67:c9:86:04,477,48,0,8,0x0000000a5a9a83de,0,Orange-8605,2,3,,,,,,,,
79,"Jul 30, 2023 13:11:23.721540000 BST",d6:7e:a7:8e:35:cb,ff:ff:ff:ff:ff:ff,230,0,d6:7e:a7:8e:35:cb,435,11,0,8,0x000000000096c19b,0,Aya's Galaxy ,2,3,,,,,,,,
80,"Jul 30, 2023 13:11:23.721540000 BST",00:5f:67:c9:86:04,ff:ff:ff:ff:ff:ff,380,0,00:5f:67:c9:86:04,479,48,0,8,0x0000000a5aaa2410,0,Orange-8605,2,3,,,,,,,,
81,"Jul 30, 2023 13:11:24.747712000 BST",d6:7e:a7:8e:35:cb,ff:ff:ff:ff:ff:ff,230,0,d6:7e:a7:8e:35:cb,435,11,0,8,0x0000000000a37f78,0,Aya's Galaxy ,2,3,,,,,,,,
82,"Jul 30, 2023 13:11:24.749711000 BST",00:5f:67:c9:86:04,ff:ff:ff:ff:ff:ff,380,0,00:5f:67:c9:86:04,481,48,0,8,0x0000000a5ab9c3f9,0,Orange-8605,2,3,,,,,,,,
83,"Jul 30, 2023 13:11:25.801666000 BST",d6:7e:a7:8e:35:cb,ff:ff:ff:ff:ff:ff,236,0,d6:7e:a7:8e:35:cb,435,11,0,8,0x0000000000b3b320,0,Aya's Galaxy ,2,3,,,,,,,,
84,"Jul 30, 2023 13:11:25.801666000 BST",00:5f:67:c9:86:04,ff:ff:ff:ff:ff:ff,431,0,00:5f:67:c9:86:04,483,48,0,8,0x0000000a5ac9e381,0,Orange-8605,2,3,,,,,,,,
85,"Jul 30, 2023 13:11:26.839675000 BST",d6:7e:a7:8e:35:cb,ff:ff:ff:ff:ff:ff,236,0,d6:7e:a7:8e:35:cb,435,11,0,8,0x0000000000c35328,0,Aya's Galaxy ,2,3,,,,,,,,
86,"Jul 30, 2023 13:11:26.839675000 BST",00:5f:67:c9:86:04,ff:ff:ff:ff:ff:ff,431,0,00:5f:67:c9:86:04,485,48,0,8,0x0000000a5ad9b358,0,Orange-8605,2,3,,,,,,,,
87,"Jul 30, 2023 13:11:27.846142000 BST",d6:7e:a7:8e:35:cb,ff:ff:ff:ff:ff:ff,236,0,d6:7e:a7:8e:35:cb,435,11,0,8,0x0000000000d2f32d,0,Aya's Galaxy ,2,3,,,,,,,,
88,"Jul 30, 2023 13:11:27.847143000 BST",00:5f:67:c9:86:04,ff:ff:ff:ff:ff:ff,380,0,00:5f:67:c9:86:04,487,48,0,8,0x0000000a5ae9175f,0,Orange-8605,2,3,,,,,,,,
89,"Jul 30, 2023 13:11:28.711351000 BST",d6:7e:a7:8e:35:cb,ff:ff:ff:ff:ff:ff,236,0,d6:7e:a7:8e:35:cb,488,11,0,8,0x0000000000df732b,0,Aya's Galaxy ,2,3,,,,,,,,
90,"Jul 30, 2023 13:11:28.711351000 BST",00:5f:67:c9:86:04,ff:ff:ff:ff:ff:ff,380,0,00:5f:67:c9:86:04,489,48,0,8,0x0000000a5af64840,0,Orange-8605,2,3,,,,,,,,
91,"Jul 30, 2023 13:11:33.339174000 BST",d6:7e:a7:8e:35:cb,ff:ff:ff:ff:ff:ff,230,0,d6:7e:a7:8e:35:cb,490,11,0,8,0x0000000000ea72bf,0,Aya's Galaxy ,2,3,,,,,,,,
92,"Jul 30, 2023 13:11:33.340177000 BST",00:5f:67:c9:86:04,ff:ff:ff:ff:ff:ff,431,0,00:5f:67:c9:86:04,491,48,0,8,0x0000000a5b243058,0,Orange-8605,2,3,,,,,,,,
93,"Jul 30, 2023 13:11:34.109286000 BST",d6:7e:a7:8e:35:cb,ff:ff:ff:ff:ff:ff,230,0,d6:7e:a7:8e:35:cb,492,11,0,8,0x0000000000ea72bf,0,Aya's Galaxy ,2,3,,,,,,,,
94,"Jul 30, 2023 13:11:34.110284000 BST",00:5f:67:c9:86:04,ff:ff:ff:ff:ff:ff,431,0,00:5f:67:c9:86:04,493,48,0,8,0x0000000a5b4896cd,0,Orange-8605,2,3,,,,,,,,
95,"Jul 30, 2023 13:11:34.986779000 BST",d6:7e:a7:8e:35:cb,ff:ff:ff:ff:ff:ff,230,0,d6:7e:a7:8e:35:cb,492,11,0,8,0x0000000000ea72bf,0,Aya's Galaxy ,2,3,,,,,,,,
96,"Jul 30, 2023 13:11:34.987781000 BST",00:5f:67:c9:86:04,ff:ff:ff:ff:ff:ff,380,0,00:5f:67:c9:86:04,495,48,0,8,0x0000000a5b560407,0,Orange-8605,2,3,,,,,,,,
97,"Jul 30, 2023 13:11:36.010441000 BST",d6:7e:a7:8e:35:cb,ff:ff:ff:ff:ff:ff,230,0,d6:7e:a7:8e:35:cb,492,11,0,8,0x00000000014f5fa0,0,Aya's Galaxy ,2,3,,,,,,,,
98,"Jul 30, 2023 13:11:36.010441000 BST",00:5f:67:c9:86:04,ff:ff:ff:ff:ff:ff,380,0,00:5f:67:c9:86:04,497,48,0,8,0x0000000a5b65a409,0,Orange-8605,2,3,,,,,,,,
99,"Jul 30, 2023 13:11:37.048438000 BST",d6:7e:a7:8e:35:cb,ff:ff:ff:ff:ff:ff,230,0,d6:7e:a7:8e:35:cb,492,11,0,8,0x00000000015efec4,0,Aya's Galaxy ,2,3,,,,,,,,
100,"Jul 30, 2023 13:11:37.048618000 BST",00:5f:67:c9:86:04,ff:ff:ff:ff:ff:ff,431,0,00:5f:67:c9:86:04,499,48,0,8,0x0000000a5b758af3,0,Orange-8605,2,3,,,,,,,,
101,"Jul 30, 2023 13:11:47.379597000 BST",d6:7e:a7:8e:35:cb,ff:ff:ff:ff:ff:ff,236,0,d6:7e:a7:8e:35:cb,492,11,0,8,0x0000000001ef53b2,0,Aya's Galaxy ,2,3,,,,,,,,
102,"Jul 30, 2023 13:11:47.379597000 BST",00:5f:67:c9:86:04,ff:ff:ff:ff:ff:ff,380,0,00:5f:67:c9:86:04,501,48,0,8,0x0000000a5b84325d,0,Orange-8605,2,3,,,,,,,,
103,"Jul 30, 2023 13:11:48.054055000 BST",d6:7e:a7:8e:35:cb,ff:ff:ff:ff:ff:ff,230,0,d6:7e:a7:8e:35:cb,492,11,0,8,0x000000000206e4bb,0,Aya's Galaxy ,2,3,,,,,,,,
104,"Jul 30, 2023 13:11:48.055055000 BST",00:5f:67:c9:86:04,ff:ff:ff:ff:ff:ff,380,0,00:5f:67:c9:86:04,503,48,0,8,0x0000000a5c1d5fd5,0,Orange-8605,2,3,,,,,,,,
105,"Jul 30, 2023 13:11:49.074783000 BST",d6:7e:a7:8e:35:cb,ff:ff:ff:ff:ff:ff,230,0,d6:7e:a7:8e:35:cb,492,11,0,8,0x00000000021687ba,0,Aya's Galaxy ,2,3,,,,,,,,
106,"Jul 30, 2023 13:11:49.074783000 BST",00:5f:67:c9:86:04,ff:ff:ff:ff:ff:ff,380,0,00:5f:67:c9:86:04,505,48,0,8,0x0000000a5c2cffe3,0,Orange-8605,2,3,,,,,,,,
107,"Jul 30, 2023 13:11:50.097788000 BST",d6:7e:a7:8e:35:cb,ff:ff:ff:ff:ff:ff,230,0,d6:7e:a7:8e:35:cb,492,11,0,8,0x00000000022624a7,0,Aya's Galaxy ,2,3,,,,,,,,
108,"Jul 30, 2023 13:11:50.098791000 BST",00:5f:67:c9:86:04,ff:ff:ff:ff:ff:ff,380,0,00:5f:67:c9:86:04,507,48,0,8,0x0000000a5c3c9fc9,0,Orange-8605,2,3,,,,,,,,
109,"Jul 30, 2023 13:11:51.129484000 BST",d6:7e:a7:8e:35:cb,ff:ff:ff:ff:ff:ff,230,0,d6:7e:a7:8e:35:cb,492,11,0,8,0x000000000235c499,0,Aya's Galaxy ,2,3,,,,,,,,
110,"Jul 30, 2023 13:11:51.130483000 BST",00:5f:67:c9:86:04,ff:ff:ff:ff:ff:ff,380,0,00:5f:67:c9:86:04,509,48,0,8,0x0000000a5c4c3fc9,0,Orange-8605,2,3,,,,,,,,
111,"Jul 30, 2023 13:11:55.616163000 BST",d6:7e:a7:8e:35:cb,ff:ff:ff:ff:ff:ff,236,0,d6:7e:a7:8e:35:cb,492,11,0,8,0x00000000023f0327,0,Aya's Galaxy ,2,3,,,,,,,,
112,"Jul 30, 2023 13:11:55.616163000 BST",00:5f:67:c9:86:04,ff:ff:ff:ff:ff:ff,431,0,00:5f:67:c9:86:04,511,48,0,8,0x0000000a5c54e05a,0,Orange-8605,2,3,,,,,,,,
113,"Jul 30, 2023 13:11:56.224261000 BST",d6:7e:a7:8e:35:cb,ff:ff:ff:ff:ff:ff,230,0,d6:7e:a7:8e:35:cb,492,11,0,8,0x0000000002836bb5,0,Aya's Galaxy ,2,3,,,,,,,,
114,"Jul 30, 2023 13:11:56.224261000 BST",00:5f:67:c9:86:04,ff:ff:ff:ff:ff:ff,431,0,00:5f:67:c9:86:04,513,48,0,8,0x0000000a5c9a20dd,0,Orange-8605,2,3,,,,,,,,
115,"Jul 30, 2023 13:11:57.265707000 BST",d6:7e:a7:8e:35:cb,ff:ff:ff:ff:ff:ff,230,0,d6:7e:a7:8e:35:cb,492,11,0,8,0x0000000002938689,0,Aya's Galaxy ,2,3,,,,,,,,
116,"Jul 30, 2023 13:11:57.265707000 BST",00:5f:67:c9:86:04,ff:ff:ff:ff:ff:ff,380,0,00:5f:67:c9:86:04,515,48,0,8,0x0000000a5ca9ff63,0,Orange-8605,2,3,,,,,,,,
117,"Jul 30, 2023 13:11:58.281432000 BST",d6:7e:a7:8e:35:cb,ff:ff:ff:ff:ff:ff,230,0,d6:7e:a7:8e:35:cb,492,11,0,8,0x0000000002a5f734,0,Aya's Galaxy ,2,3,,,,,,,,
118,"Jul 30, 2023 13:11:58.282432000 BST",00:5f:67:c9:86:04,ff:ff:ff:ff:ff:ff,380,0,00:5f:67:c9:86:04,517,48,0,8,0x0000000a5cb97fb6,0,Orange-8605,2,3,,,,,,,,
119,"Jul 30, 2023 13:11:59.278759000 BST",d6:7e:a7:8e:35:cb,ff:ff:ff:ff:ff:ff,230,0,d6:7e:a7:8e:35:cb,492,11,0,8,0x0000000002a5f734,0,Aya's Galaxy ,2,3,,,,,,,,
120,"Jul 30, 2023 13:11:59.279759000 BST",00:5f:67:c9:86:04,ff:ff:ff:ff:ff:ff,380,0,00:5f:67:c9:86:04,519,48,0,8,0x0000000a5cc89c52,0,Orange-8605,2,3,,,,,,,,
121,"Jul 30, 2023 13:12:03.765237000 BST",d6:7e:a7:8e:35:cb,ff:ff:ff:ff:ff:ff,236,0,d6:7e:a7:8e:35:cb,492,11,0,8,0x0000000002e18325,0,Aya's Galaxy ,2,3,,,,,,,,
122,"Jul 30, 2023 13:12:03.765237000 BST",00:5f:67:c9:86:04,ff:ff:ff:ff:ff:ff,380,0,00:5f:67:c9:86:04,521,48,0,8,0x0000000a5cd2ac35,0,Orange-8605,2,3,,,,,,,,
123,"Jul 30, 2023 13:12:04.393175000 BST",d6:7e:a7:8e:35:cb,ff:ff:ff:ff:ff:ff,230,0,d6:7e:a7:8e:35:cb,492,11,0,8,0x0000000003006bd3,0,Aya's Galaxy ,2,3,,,,,,,,
124,"Jul 30, 2023 13:12:04.395174000 BST",00:5f:67:c9:86:04,ff:ff:ff:ff:ff:ff,380,0,00:5f:67:c9:86:04,523,48,0,8,0x0000000a5d16bc8e,0,Orange-8605,2,3,,,,,,,,
125,"Jul 30, 2023 13:12:05.440281000 BST",d6:7e:a7:8e:35:cb,ff:ff:ff:ff:ff:ff,230,0,d6:7e:a7:8e:35:cb,492,11,0,8,0x0000000003100b8b,0,Aya's Galaxy ,2,3,,,,,,,,
126,"Jul 30, 2023 13:12:05.440281000 BST",00:5f:67:c9:86:04,ff:ff:ff:ff:ff:ff,380,0,00:5f:67:c9:86:04,525,48,0,8,0x0000000a5d26c130,0,Orange-8605,2,3,,,,,,,,
127,"Jul 30, 2023 13:12:06.468513000 BST",d6:7e:a7:8e:35:cb,ff:ff:ff:ff:ff:ff,230,0,d6:7e:a7:8e:35:cb,492,11,0,8,0x00000000032026b8,0,Aya's Galaxy ,2,3,,,,,,,,
128,"Jul 30, 2023 13:12:06.468513000 BST",00:5f:67:c9:86:04,ff:ff:ff:ff:ff:ff,380,0,00:5f:67:c9:86:04,527,48,0,8,0x0000000a5d366fec,0,Orange-8605,2,3,,,,,,,,
129,"Jul 30, 2023 13:12:07.462968000 BST",d6:7e:a7:8e:35:cb,ff:ff:ff:ff:ff:ff,230,0,d6:7e:a7:8e:35:cb,492,11,0,8,0x00000000032f4b84,0,Aya's Galaxy ,2,3,,,,,,,,
130,"Jul 30, 2023 13:12:07.462968000 BST",00:5f:67:c9:86:04,ff:ff:ff:ff:ff:ff,380,0,00:5f:67:c9:86:04,529,48,0,8,0x0000000a5d459cc6,0,Orange-8605,2,3,,,,,,,,
131,"Jul 30, 2023 13:12:11.996980000 BST",d6:7e:a7:8e:35:cb,ff:ff:ff:ff:ff:ff,230,0,d6:7e:a7:8e:35:cb,492,11,0,8,0x0000000003384b96,0,Aya's Galaxy ,2,3,,,,,,,,
132,"Jul 30, 2023 13:12:11.996980000 BST",00:5f:67:c9:86:04,ff:ff:ff:ff:ff:ff,380,0,00:5f:67:c9:86:04,531,48,0,8,0x0000000a5d4e7c26,0,Orange-8605,2,3,,,,,,,,
133,"Jul 30, 2023 13:12:12.584604000 BST",d6:7e:a7:8e:35:cb,ff:ff:ff:ff:ff:ff,230,0,d6:7e:a7:8e:35:cb,492,11,0,8,0x00000000037d6b6e,0,Aya's Galaxy ,2,3,,,,,,,,
134,"Jul 30, 2023 13:12:12.585607000 BST",00:5f:67:c9:86:04,ff:ff:ff:ff:ff:ff,380,0,00:5f:67:c9:86:04,533,48,0,8,0x0000000a5d93bc27,0,Orange-8605,2,3,,,,,,,,
135,"Jul 30, 2023 13:12:13.793929000 BST",d6:7e:a7:8e:35:cb,ff:ff:ff:ff:ff:ff,230,0,d6:7e:a7:8e:35:cb,492,11,0,8,0x00000000038d8705,0,Aya's Galaxy ,2,3,,,,,,,,
136,"Jul 30, 2023 13:12:13.794930000 BST",00:5f:67:c9:86:04,ff:ff:ff:ff:ff:ff,380,0,00:5f:67:c9:86:04,535,48,0,8,0x0000000a5da3ffa8,0,Orange-8605,2,3,,,,,,,,
137,"Jul 30, 2023 13:12:14.671843000 BST",d6:7e:a7:8e:35:cb,ff:ff:ff:ff:ff:ff,230,0,d6:7e:a7:8e:35:cb,492,11,0,8,0x00000000039d2ae2,0,Aya's Galaxy ,2,3,,,,,,,,
138,"Jul 30, 2023 13:12:14.672844000 BST",00:5f:67:c9:86:04,ff:ff:ff:ff:ff:ff,380,0,00:5f:67:c9:86:04,537,48,0,8,0x0000000a5db39ff4,0,Orange-8605,2,3,,,,,,,,
139,"Jul 30, 2023 13:12:15.700845000 BST",d6:7e:a7:8e:35:cb,ff:ff:ff:ff:ff:ff,230,0,d6:7e:a7:8e:35:cb,492,11,0,8,0x0000000003accb76,0,Aya's Galaxy ,2,3,,,,,,,,
140,"Jul 30, 2023 13:12:15.701845000 BST",00:5f:67:c9:86:04,ff:ff:ff:ff:ff:ff,380,0,00:5f:67:c9:86:04,539,48,0,8,0x0000000a5dc33fdc,0,Orange-8605,2,3,,,,,,,,
141,"Jul 30, 2023 13:12:20.152485000 BST",d6:7e:a7:8e:35:cb,ff:ff:ff:ff:ff:ff,236,0,d6:7e:a7:8e:35:cb,492,11,0,8,0x0000000003d2232e,0,Aya's Galaxy ,2,3,,,,,,,,
142,"Jul 30, 2023 13:12:20.152545000 BST",00:5f:67:c9:86:04,ff:ff:ff:ff:ff:ff,380,0,00:5f:67:c9:86:04,541,48,0,8,0x0000000a5dc33fdc,0,Orange-8605,2,3,,,,,,,,
143,"Jul 30, 2023 13:12:20.779273000 BST",d6:7e:a7:8e:35:cb,ff:ff:ff:ff:ff:ff,230,0,d6:7e:a7:8e:35:cb,492,11,0,8,0x0000000003fa6b8c,0,Aya's Galaxy ,2,3,,,,,,,,
144,"Jul 30, 2023 13:12:20.779273000 BST",00:5f:67:c9:86:04,ff:ff:ff:ff:ff:ff,380,0,00:5f:67:c9:86:04,543,48,0,8,0x0000000a5e10bc0c,0,Orange-8605,2,3,,,,,,,,
145,"Jul 30, 2023 13:12:21.799523000 BST",d6:7e:a7:8e:35:cb,ff:ff:ff:ff:ff:ff,230,0,d6:7e:a7:8e:35:cb,492,11,0,8,0x00000000040a0b58,0,Aya's Galaxy ,2,3,,,,,,,,
146,"Jul 30, 2023 13:12:21.799641000 BST",00:5f:67:c9:86:04,ff:ff:ff:ff:ff:ff,380,0,00:5f:67:c9:86:04,545,48,0,8,0x0000000a5e205c34,0,Orange-8605,2,3,,,,,,,,
147,"Jul 30, 2023 13:12:22.823495000 BST",d6:7e:a7:8e:35:cb,ff:ff:ff:ff:ff:ff,230,0,d6:7e:a7:8e:35:cb,492,11,0,8,0x000000000419bbea,0,Aya's Galaxy ,2,3,,,,,,,,
148,"Jul 30, 2023 13:12:22.823495000 BST",00:5f:67:c9:86:04,ff:ff:ff:ff:ff:ff,380,0,00:5f:67:c9:86:04,547,48,0,8,0x0000000a5e2ffbbb,0,Orange-8605,2,3,,,,,,,,
149,"Jul 30, 2023 13:12:23.851817000 BST",d6:7e:a7:8e:35:cb,ff:ff:ff:ff:ff:ff,230,0,d6:7e:a7:8e:35:cb,492,11,0,8,0x0000000004294bed,0,Aya's Galaxy ,2,3,,,,,,,,
150,"Jul 30, 2023 13:12:23.852817000 BST",00:5f:67:c9:86:04,ff:ff:ff:ff:ff:ff,380,0,00:5f:67:c9:86:04,549,48,0,8,0x0000000a5e3f9c62,0,Orange-8605,2,3,,,,,,,,
151,"Jul 30, 2023 13:12:28.341940000 BST",d6:7e:a7:8e:35:cb,ff:ff:ff:ff:ff:ff,230,0,d6:7e:a7:8e:35:cb,492,11,0,8,0x0000000004326b50,0,Aya's Galaxy ,2,3,,,,,,,,
152,"Jul 30, 2023 13:12:28.342941000 BST",00:5f:67:c9:86:04,ff:ff:ff:ff:ff:ff,380,0,00:5f:67:c9:86:04,551,48,0,8,0x0000000a5e48bc44,0,Orange-8605,2,3,,,,,,,,
153,"Jul 30, 2023 13:12:28.959738000 BST",d6:7e:a7:8e:35:cb,ff:ff:ff:ff:ff:ff,236,0,d6:7e:a7:8e:35:cb,492,11,0,8,0x000000000471832d,0,Aya's Galaxy ,2,3,,,,,,,,
154,"Jul 30, 2023 13:12:28.959738000 BST",00:5f:67:c9:86:04,ff:ff:ff:ff:ff:ff,431,0,00:5f:67:c9:86:04,553,48,0,8,0x0000000a5e8da048,0,Orange-8605,2,3,,,,,,,,
155,"Jul 30, 2023 13:12:36.531536000 BST",d6:7e:a7:8e:35:cb,ff:ff:ff:ff:ff:ff,234,0,d6:7e:a7:8e:35:cb,492,11,0,8,0x000000000009f637,0,Aya's Galaxy ,2,3,,,,,,,,
156,"Jul 30, 2023 13:12:36.532533000 BST",00:5f:67:c9:86:04,ff:ff:ff:ff:ff:ff,431,0,00:5f:67:c9:86:04,555,48,0,8,0x0000000a5ecb0ca0,0,Orange-8605,2,3,,,,,,,,
157,"Jul 30, 2023 13:12:37.081134000 BST",d6:7e:a7:8e:35:cb,ff:ff:ff:ff:ff:ff,234,0,d6:7e:a7:8e:35:cb,492,11,0,8,0x000000000009f637,0,Aya's Galaxy ,2,3,,,,,,,,
158,"Jul 30, 2023 13:12:37.082135000 BST",00:5f:67:c9:86:04,ff:ff:ff:ff:ff:ff,380,0,00:5f:67:c9:86:04,557,48,0,8,0x0000000a5f097d8a,0,Orange-8605,2,3,,,,,,,,
159,"Jul 30, 2023 13:12:40.446089000 BST",d6:7e:a7:8e:35:cb,ff:ff:ff:ff:ff:ff,236,0,d6:7e:a7:8e:35:cb,492,11,0,8,0x0000000000019329,0,Aya's Galaxy ,2,3,,,,,,,,
160,"Jul 30, 2023 13:12:40.446089000 BST",00:5f:67:c9:86:04,ff:ff:ff:ff:ff:ff,380,0,00:5f:67:c9:86:04,559,48,0,8,0x0000000a5f1ff14e,0,Orange-8605,2,3,,,,,,,,
161,"Jul 30, 2023 13:12:40.896914000 BST",d6:7e:a7:8e:35:cb,ff:ff:ff:ff:ff:ff,236,0,d6:7e:a7:8e:35:cb,492,11,0,8,0x000000000028a320,0,Aya's Galaxy ,2,3,,,,,,,,
162,"Jul 30, 2023 13:12:40.897911000 BST",00:5f:67:c9:86:04,ff:ff:ff:ff:ff:ff,380,0,00:5f:67:c9:86:04,561,48,0,8,0x0000000a5f43c160,0,Orange-8605,2,3,,,,,,,,
163,"Jul 30, 2023 13:12:41.908675000 BST",d6:7e:a7:8e:35:cb,ff:ff:ff:ff:ff:ff,230,0,d6:7e:a7:8e:35:cb,492,11,0,8,0x000000000037f027,0,Aya's Galaxy ,2,3,,,,,,,,
164,"Jul 30, 2023 13:12:41.909679000 BST",00:5f:67:c9:86:04,ff:ff:ff:ff:ff:ff,380,0,00:5f:67:c9:86:04,563,48,0,8,0x0000000a5f53319c,0,Orange-8605,2,3,,,,,,,,
165,"Jul 30, 2023 13:12:42.912396000 BST",d6:7e:a7:8e:35:cb,ff:ff:ff:ff:ff:ff,236,0,d6:7e:a7:8e:35:cb,492,11,0,8,0x0000000000497328,0,Aya's Galaxy ,2,3,,,,,,,,
166,"Jul 30, 2023 13:12:42.913397000 BST",00:5f:67:c9:86:04,ff:ff:ff:ff:ff:ff,380,0,00:5f:67:c9:86:04,565,48,0,8,0x0000000a5f628173,0,Orange-8605,2,3,,,,,,,,
167,"Jul 30, 2023 13:12:43.923549000 BST",d6:7e:a7:8e:35:cb,ff:ff:ff:ff:ff:ff,230,0,d6:7e:a7:8e:35:cb,492,11,0,8,0x000000000056b05c,0,Aya's Galaxy ,2,3,,,,,,,,
168,"Jul 30, 2023 13:12:43.924550000 BST",00:5f:67:c9:86:04,ff:ff:ff:ff:ff:ff,380,0,00:5f:67:c9:86:04,567,48,0,8,0x0000000a5f71f17d,0,Orange-8605,2,3,,,,,,,,
169,"Jul 30, 2023 13:12:54.495739000 BST",d6:7e:a7:8e:35:cb,ff:ff:ff:ff:ff:ff,236,0,d6:7e:a7:8e:35:cb,492,11,0,8,0x000000000086632c,0,Aya's Galaxy ,2,3,,,,,,,,
170,"Jul 30, 2023 13:12:54.495739000 BST",00:5f:67:c9:86:04,ff:ff:ff:ff:ff:ff,431,0,00:5f:67:c9:86:04,569,48,0,8,0x0000000a600c703c,0,Orange-8605,2,3,,,,,,,,
171,"Jul 30, 2023 13:12:54.730300000 BST",d6:7e:a7:8e:35:cb,ff:ff:ff:ff:ff:ff,230,0,d6:7e:a7:8e:35:cb,492,11,0,8,0x0000000000fa499b,0,Aya's Galaxy ,2,3,,,,,,,,
172,"Jul 30, 2023 13:12:54.731303000 BST",00:5f:67:c9:86:04,ff:ff:ff:ff:ff:ff,431,0,00:5f:67:c9:86:04,571,48,0,8,0x0000000a6016c7ba,0,Orange-8605,2,3,,,,,,,,
173,"Jul 30, 2023 13:12:56.138332000 BST",d6:7e:a7:8e:35:cb,ff:ff:ff:ff:ff:ff,230,0,d6:7e:a7:8e:35:cb,492,11,0,8,0x00000000011029b6,0,Aya's Galaxy ,2,3,,,,,,,,
174,"Jul 30, 2023 13:12:56.139331000 BST",00:5f:67:c9:86:04,ff:ff:ff:ff:ff:ff,431,0,00:5f:67:c9:86:04,573,48,0,8,0x0000000a602c33e6,0,Orange-8605,2,3,,,,,,,,
175,"Jul 30, 2023 13:12:57.209860000 BST",d6:7e:a7:8e:35:cb,ff:ff:ff:ff:ff:ff,230,0,d6:7e:a7:8e:35:cb,492,11,0,8,0x00000000011fa09c,0,Aya's Galaxy ,2,3,,,,,,,,
176,"Jul 30, 2023 13:12:57.210865000 BST",00:5f:67:c9:86:04,ff:ff:ff:ff:ff:ff,431,0,00:5f:67:c9:86:04,575,48,0,8,0x0000000a603ae1cb,0,Orange-8605,2,3,,,,,,,,
177,"Jul 30, 2023 13:12:57.629602000 BST",d6:7e:a7:8e:35:cb,ff:ff:ff:ff:ff:ff,230,0,d6:7e:a7:8e:35:cb,492,11,0,8,0x000000000127d0b8,0,Aya's Galaxy ,2,3,,,,,,,,
178,"Jul 30, 2023 13:12:57.629602000 BST",00:5f:67:c9:86:04,ff:ff:ff:ff:ff:ff,431,0,00:5f:67:c9:86:04,577,48,0,8,0x0000000a6043201f,0,Orange-8605,2,3,,,,,,,,
179,"Jul 30, 2023 13:13:01.010192000 BST",d6:7e:a7:8e:35:cb,ff:ff:ff:ff:ff:ff,230,0,d6:7e:a7:8e:35:cb,492,11,0,8,0x00000000013950cb,0,Aya's Galaxy ,2,3,,,,,,,,
180,"Jul 30, 2023 13:13:01.011203000 BST",00:5f:67:c9:86:04,ff:ff:ff:ff:ff:ff,380,0,00:5f:67:c9:86:04,579,48,0,8,0x0000000a60549277,0,Orange-8605,2,3,,,,,,,,
181,"Jul 30, 2023 13:13:01.473241000 BST",d6:7e:a7:8e:35:cb,ff:ff:ff:ff:ff:ff,230,0,d6:7e:a7:8e:35:cb,492,11,0,8,0x00000000016260e0,0,Aya's Galaxy ,2,3,,,,,,,,
182,"Jul 30, 2023 13:13:01.474630000 BST",00:5f:67:c9:86:04,ff:ff:ff:ff:ff:ff,380,0,00:5f:67:c9:86:04,581,48,0,8,0x0000000a607da22b,0,Orange-8605,2,3,,,,,,,,
183,"Jul 30, 2023 13:13:02.472459000 BST",d6:7e:a7:8e:35:cb,ff:ff:ff:ff:ff:ff,236,0,d6:7e:a7:8e:35:cb,492,11,0,8,0x000000000173e32d,0,Aya's Galaxy ,2,3,,,,,,,,
184,"Jul 30, 2023 13:13:02.473458000 BST",00:5f:67:c9:86:04,ff:ff:ff:ff:ff:ff,380,0,00:5f:67:c9:86:04,583,48,0,8,0x0000000a608cf21f,0,Orange-8605,2,3,,,,,,,,
185,"Jul 30, 2023 13:13:03.634997000 BST",d6:7e:a7:8e:35:cb,ff:ff:ff:ff:ff:ff,230,0,d6:7e:a7:8e:35:cb,492,11,0,8,0x000000000181011a,0,Aya's Galaxy ,2,3,,,,,,,,
186,"Jul 30, 2023 13:13:03.636233000 BST",00:5f:67:c9:86:04,ff:ff:ff:ff:ff:ff,380,0,00:5f:67:c9:86:04,585,48,0,8,0x0000000a609c4223,0,Orange-8605,2,3,,,,,,,,
187,"Jul 30, 2023 13:13:05.134904000 BST",d6:7e:a7:8e:35:cb,ff:ff:ff:ff:ff:ff,230,0,d6:7e:a7:8e:35:cb,492,11,0,8,0x00000000019984bf,0,Aya's Galaxy ,2,3,,,,,,,,
188,"Jul 30, 2023 13:13:05.134904000 BST",00:5f:67:c9:86:04,ff:ff:ff:ff:ff:ff,380,0,00:5f:67:c9:86:04,587,48,0,8,0x0000000a60b5859c,0,Orange-8605,2,3,,,,,,,,
189,"Jul 30, 2023 13:13:05.710775000 BST",d6:7e:a7:8e:35:cb,ff:ff:ff:ff:ff:ff,230,0,d6:7e:a7:8e:35:cb,492,11,0,8,0x0000000001a277f8,0,Aya's Galaxy ,2,3,,,,,,,,
190,"Jul 30, 2023 13:13:05.712102000 BST",00:5f:67:c9:86:04,ff:ff:ff:ff:ff:ff,380,0,00:5f:67:c9:86:04,589,48,0,8,0x0000000a60be53cd,0,Orange-8605,2,3,,,,,,,,
191,"Jul 30, 2023 13:13:06.920396000 BST",d6:7e:a7:8e:35:cb,ff:ff:ff:ff:ff:ff,230,0,d6:7e:a7:8e:35:cb,492,11,0,8,0x0000000001b2994c,0,Aya's Galaxy ,2,3,,,,,,,,
192,"Jul 30, 2023 13:13:06.921396000 BST",00:5f:67:c9:86:04,ff:ff:ff:ff:ff:ff,380,0,00:5f:67:c9:86:04,591,48,0,8,0x0000000a60cea57b,0,Orange-8605,2,3,,,,,,,,
193,"Jul 30, 2023 13:13:07.811513000 BST",d6:7e:a7:8e:35:cb,ff:ff:ff:ff:ff:ff,230,0,d6:7e:a7:8e:35:cb,492,11,0,8,0x0000000001b2994c,0,Aya's Galaxy ,2,3,,,,,,,,
194,"Jul 30, 2023 13:13:07.812733000 BST",00:5f:67:c9:86:04,ff:ff:ff:ff:ff:ff,380,0,00:5f:67:c9:86:04,593,48,0,8,0x0000000a60de450a,0,Orange-8605,2,3,,,,,,,,
195,"Jul 30, 2023 13:13:12.472726000 BST",d6:7e:a7:8e:35:cb,ff:ff:ff:ff:ff:ff,236,0,d6:7e:a7:8e:35:cb,492,11,0,8,0x0000000001eaa32b,0,Aya's Galaxy ,2,3,,,,,,,,
196,"Jul 30, 2023 13:13:12.474631000 BST",00:5f:67:c9:86:04,ff:ff:ff:ff:ff:ff,380,0,00:5f:67:c9:86:04,595,48,0,8,0x0000000a60e8053b,0,Orange-8605,2,3,,,,,,,,
197,"Jul 30, 2023 13:13:13.129768000 BST",d6:7e:a7:8e:35:cb,ff:ff:ff:ff:ff:ff,230,0,d6:7e:a7:8e:35:cb,492,11,0,8,0x0000000002136995,0,Aya's Galaxy ,2,3,,,,,,,,
198,"Jul 30, 2023 13:13:13.131680000 BST",00:5f:67:c9:86:04,ff:ff:ff:ff:ff:ff,380,0,00:5f:67:c9:86:04,597,48,0,8,0x0000000a612f68bf,0,Orange-8605,2,3,,,,,,,,
199,"Jul 30, 2023 13:13:14.149889000 BST",d6:7e:a7:8e:35:cb,ff:ff:ff:ff:ff:ff,230,0,d6:7e:a7:8e:35:cb,492,11,0,8,0x0000000002230501,0,Aya's Galaxy ,2,3,,,,,,,,
200,"Jul 30, 2023 13:13:14.151659000 BST",00:5f:67:c9:86:04,ff:ff:ff:ff:ff:ff,380,0,00:5f:67:c9:86:04,599,48,0,8,0x0000000a613f0893,0,Orange-8605,2,3,,,,,,,,
201,"Jul 30, 2023 13:13:15.162457000 BST",d6:7e:a7:8e:35:cb,ff:ff:ff:ff:ff:ff,230,0,d6:7e:a7:8e:35:cb,492,11,0,8,0x000000000232a712,0,Aya's Galaxy ,2,3,,,,,,,,
202,"Jul 30, 2023 13:13:15.163452000 BST",00:5f:67:c9:86:04,ff:ff:ff:ff:ff:ff,380,0,00:5f:67:c9:86:04,601,48,0,8,0x0000000a614e6236,0,Orange-8605,2,3,,,,,,,,
203,"Jul 30, 2023 13:13:19.470295000 BST",d6:7e:a7:8e:35:cb,ff:ff:ff:ff:ff:ff,234,0,d6:7e:a7:8e:35:cb,492,11,0,8,0x000000000011a18d,0,Aya's Galaxy ,2,3,,,,,,,,
204,"Jul 30, 2023 13:13:19.470715000 BST",00:5f:67:c9:86:04,ff:ff:ff:ff:ff:ff,431,0,00:5f:67:c9:86:04,603,48,0,8,0x0000000a618de223,0,Orange-8605,2,3,,,,,,,,
205,"Jul 30, 2023 13:13:19.844569000 BST",d6:7e:a7:8e:35:cb,ff:ff:ff:ff:ff:ff,234,0,d6:7e:a7:8e:35:cb,492,11,0,8,0x000000000019a194,0,Aya's Galaxy ,2,3,,,,,,,,
206,"Jul 30, 2023 13:13:19.846768000 BST",00:5f:67:c9:86:04,ff:ff:ff:ff:ff:ff,431,0,00:5f:67:c9:86:04,605,48,0,8,0x0000000a6195e7fe,0,Orange-8605,2,3,,,,,,,,
207,"Jul 30, 2023 13:13:30.489274000 BST",d6:7e:a7:8e:35:cb,ff:ff:ff:ff:ff:ff,240,0,d6:7e:a7:8e:35:cb,492,11,0,8,0x0000000000af031f,0,Aya's Galaxy ,2,3,,,,,,,,
208,"Jul 30, 2023 13:13:30.490033000 BST",00:5f:67:c9:86:04,ff:ff:ff:ff:ff:ff,380,0,00:5f:67:c9:86:04,607,48,0,8,0x0000000a61ae82a8,0,Orange-8605,2,3,,,,,,,,
209,"Jul 30, 2023 13:13:32.408809000 BST",d6:7e:a7:8e:35:cb,ff:ff:ff:ff:ff:ff,230,0,d6:7e:a7:8e:35:cb,492,11,0,8,0x000000000012fd33,0,Aya's Galaxy ,2,3,,,,,,,,
210,"Jul 30, 2023 13:13:32.409806000 BST",00:5f:67:c9:86:04,ff:ff:ff:ff:ff:ff,380,0,00:5f:67:c9:86:04,609,48,0,8,0x0000000a6255b44a,0,Orange-8605,2,3,,,,,,,,
211,"Jul 30, 2023 13:13:32.986781000 BST",d6:7e:a7:8e:35:cb,ff:ff:ff:ff:ff:ff,230,0,d6:7e:a7:8e:35:cb,492,11,0,8,0x00000000001bd66b,0,Aya's Galaxy ,2,3,,,,,,,,
212,"Jul 30, 2023 13:13:32.987774000 BST",00:5f:67:c9:86:04,ff:ff:ff:ff:ff:ff,380,0,00:5f:67:c9:86:04,611,48,0,8,0x0000000a625e727e,0,Orange-8605,2,3,,,,,,,,
213,"Jul 30, 2023 13:13:37.153197000 BST",d6:7e:a7:8e:35:cb,ff:ff:ff:ff:ff:ff,230,0,d6:7e:a7:8e:35:cb,492,11,0,8,0x00000000002697f7,0,Aya's Galaxy ,2,3,,,,,,,,
214,"Jul 30, 2023 13:13:37.154553000 BST",00:5f:67:c9:86:04,ff:ff:ff:ff:ff:ff,380,0,00:5f:67:c9:86:04,613,48,0,8,0x0000000a626941e8,0,Orange-8605,2,3,,,,,,,,
215,"Jul 30, 2023 13:13:39.791820000 BST",d6:7e:a7:8e:35:cb,ff:ff:ff:ff:ff:ff,234,0,d6:7e:a7:8e:35:cb,492,11,0,8,0x00000000000ca4b0,0,Aya's Galaxy ,2,3,,,,,,,,
216,"Jul 30, 2023 13:13:39.792816000 BST",00:5f:67:c9:86:04,ff:ff:ff:ff:ff:ff,380,0,00:5f:67:c9:86:04,615,48,0,8,0x0000000a62c62c14,0,Orange-8605,2,3,,,,,,,,
217,"Jul 30, 2023 13:13:40.396644000 BST",d6:7e:a7:8e:35:cb,ff:ff:ff:ff:ff:ff,234,0,d6:7e:a7:8e:35:cb,498,11,0,8,0x0000000000161c2f,0,Aya's Galaxy ,2,3,,,,,,,,
218,"Jul 30, 2023 13:13:40.398641000 BST",00:5f:67:c9:86:04,ff:ff:ff:ff:ff:ff,380,0,00:5f:67:c9:86:04,617,48,0,8,0x0000000a62cf8d56,0,Orange-8605,2,3,,,,,,,,
219,"Jul 30, 2023 13:13:44.957026000 BST",d6:7e:a7:8e:35:cb,ff:ff:ff:ff:ff:ff,240,0,d6:7e:a7:8e:35:cb,498,11,0,8,0x000000000057832d,0,Aya's Galaxy ,2,3,,,,,,,,
220,"Jul 30, 2023 13:13:44.959190000 BST",00:5f:67:c9:86:04,ff:ff:ff:ff:ff:ff,380,0,00:5f:67:c9:86:04,619,48,0,8,0x0000000a62d9ba14,0,Orange-8605,2,3,,,,,,,,
221,"Jul 30, 2023 13:13:48.135083000 BST",d6:7e:a7:8e:35:cb,ff:ff:ff:ff:ff:ff,230,0,d6:7e:a7:8e:35:cb,498,11,0,8,0x0000000000091663,0,Aya's Galaxy ,2,3,,,,,,,,
222,"Jul 30, 2023 13:13:48.135809000 BST",00:5f:67:c9:86:04,ff:ff:ff:ff:ff:ff,431,0,00:5f:67:c9:86:04,621,48,0,8,0x0000000a63459c90,0,Orange-8605,2,3,,,,,,,,
223,"Jul 30, 2023 13:13:48.786827000 BST",d6:7e:a7:8e:35:cb,ff:ff:ff:ff:ff:ff,230,0,d6:7e:a7:8e:35:cb,498,11,0,8,0x000000000012e7c5,0,Aya's Galaxy ,2,3,,,,,,,,
224,"Jul 30, 2023 13:13:48.787826000 BST",00:5f:67:c9:86:04,ff:ff:ff:ff:ff:ff,380,0,00:5f:67:c9:86:04,623,48,0,8,0x0000000a634fa091,0,Orange-8605,2,3,,,,,,,,
225,"Jul 30, 2023 13:13:49.810376000 BST",d6:7e:a7:8e:35:cb,ff:ff:ff:ff:ff:ff,230,0,d6:7e:a7:8e:35:cb,498,11,0,8,0x00000000002284bd,0,Aya's Galaxy ,2,3,,,,,,,,
226,"Jul 30, 2023 13:13:49.810686000 BST",00:5f:67:c9:86:04,ff:ff:ff:ff:ff:ff,380,0,00:5f:67:c9:86:04,625,48,0,8,0x0000000a635f40f1,0,Orange-8605,2,3,,,,,,,,
227,"Jul 30, 2023 13:13:50.836371000 BST",d6:7e:a7:8e:35:cb,ff:ff:ff:ff:ff:ff,230,0,d6:7e:a7:8e:35:cb,498,11,0,8,0x00000000003225f8,0,Aya's Galaxy ,2,3,,,,,,,,
228,"Jul 30, 2023 13:13:50.837446000 BST",00:5f:67:c9:86:04,ff:ff:ff:ff:ff:ff,380,0,00:5f:67:c9:86:04,627,48,0,8,0x0000000a636ee0bb,0,Orange-8605,2,3,,,,,,,,
229,"Jul 30, 2023 13:13:54.252494000 BST",d6:7e:a7:8e:35:cb,ff:ff:ff:ff:ff:ff,234,0,d6:7e:a7:8e:35:cb,498,11,0,8,0x000000000009166c,0,Aya's Galaxy ,2,3,,,,,,,,
230,"Jul 30, 2023 13:13:54.252494000 BST",00:5f:67:c9:86:04,ff:ff:ff:ff:ff:ff,380,0,00:5f:67:c9:86:04,629,48,0,8,0x0000000a63a31621,0,Orange-8605,2,3,,,,,,,,
231,"Jul 30, 2023 13:13:54.910984000 BST",d6:7e:a7:8e:35:cb,ff:ff:ff:ff:ff:ff,234,0,d6:7e:a7:8e:35:cb,498,11,0,8,0x000000000012e4ca,0,Aya's Galaxy ,2,3,,,,,,,,
232,"Jul 30, 2023 13:13:54.912986000 BST",00:5f:67:c9:86:04,ff:ff:ff:ff:ff:ff,380,0,00:5f:67:c9:86:04,631,48,0,8,0x0000000a63ad1b36,0,Orange-8605,2,3,,,,,,,,
233,"Jul 30, 2023 13:13:55.932872000 BST",d6:7e:a7:8e:35:cb,ff:ff:ff:ff:ff:ff,234,0,d6:7e:a7:8e:35:cb,498,11,0,8,0x00000000002284c4,0,Aya's Galaxy ,2,3,,,,,,,,
234,"Jul 30, 2023 13:13:55.933875000 BST",00:5f:67:c9:86:04,ff:ff:ff:ff:ff:ff,380,0,00:5f:67:c9:86:04,633,48,0,8,0x0000000a63bcbafa,0,Orange-8605,2,3,,,,,,,,
235,"Jul 30, 2023 13:13:56.966834000 BST",d6:7e:a7:8e:35:cb,ff:ff:ff:ff:ff:ff,234,0,d6:7e:a7:8e:35:cb,498,11,0,8,0x0000000000322777,0,Aya's Galaxy ,2,3,,,,,,,,
236,"Jul 30, 2023 13:13:56.968718000 BST",00:5f:67:c9:86:04,ff:ff:ff:ff:ff:ff,380,0,00:5f:67:c9:86:04,635,48,0,8,0x0000000a63cc5abf,0,Orange-8605,2,3,,,,,,,,
237,"Jul 30, 2023 13:14:00.856201000 BST",d6:7e:a7:8e:35:cb,ff:ff:ff:ff:ff:ff,240,0,d6:7e:a7:8e:35:cb,498,11,0,8,0x0000000000578330,0,Aya's Galaxy ,2,3,,,,,,,,
238,"Jul 30, 2023 13:14:00.858886000 BST",00:5f:67:c9:86:04,ff:ff:ff:ff:ff:ff,380,0,00:5f:67:c9:86:04,637,48,0,8,0x0000000a63d62f25,0,Orange-8605,2,3,,,,,,,,
239,"Jul 30, 2023 13:14:07.197455000 BST",d6:7e:a7:8e:35:cb,ff:ff:ff:ff:ff:ff,230,0,d6:7e:a7:8e:35:cb,498,11,0,8,0x000000000009f31c,0,Aya's Galaxy ,2,3,,,,,,,,
240,"Jul 30, 2023 13:14:07.198451000 BST",00:5f:67:c9:86:04,ff:ff:ff:ff:ff:ff,380,0,00:5f:67:c9:86:04,639,48,0,8,0x0000000a6432d588,0,Orange-8605,2,3,,,,,,,,
241,"Jul 30, 2023 13:14:07.862690000 BST",d6:7e:a7:8e:35:cb,ff:ff:ff:ff:ff:ff,230,0,d6:7e:a7:8e:35:cb,498,11,0,8,0x00000000005164f5,0,Aya's Galaxy ,2,3,,,,,,,,
242,"Jul 30, 2023 13:14:07.863500000 BST",00:5f:67:c9:86:04,ff:ff:ff:ff:ff:ff,380,0,00:5f:67:c9:86:04,641,48,0,8,0x0000000a647242b7,0,Orange-8605,2,3,,,,,,,,
243,"Jul 30, 2023 13:14:10.935806000 BST",d6:7e:a7:8e:35:cb,ff:ff:ff:ff:ff:ff,240,0,d6:7e:a7:8e:35:cb,498,11,0,8,0x0000000000145320,0,Aya's Galaxy ,2,3,,,,,,,,
244,"Jul 30, 2023 13:14:10.936807000 BST",00:5f:67:c9:86:04,ff:ff:ff:ff:ff:ff,380,0,00:5f:67:c9:86:04,643,48,0,8,0x0000000a649ef343,0,Orange-8605,2,3,,,,,,,,
245,"Jul 30, 2023 13:14:11.442153000 BST",d6:7e:a7:8e:35:cb,ff:ff:ff:ff:ff:ff,234,0,d6:7e:a7:8e:35:cb,498,11,0,8,0x00000000001aa7e3,0,Aya's Galaxy ,2,3,,,,,,,,
246,"Jul 30, 2023 13:14:11.442153000 BST",00:5f:67:c9:86:04,ff:ff:ff:ff:ff:ff,380,0,00:5f:67:c9:86:04,645,48,0,8,0x0000000a64a79339,0,Orange-8605,2,3,,,,,,,,
247,"Jul 30, 2023 13:14:21.959244000 BST",d6:7e:a7:8e:35:cb,ff:ff:ff:ff:ff:ff,240,0,d6:7e:a7:8e:35:cb,498,11,0,8,0x0000000000a41321,0,Aya's Galaxy ,2,3,,,,,,,,
248,"Jul 30, 2023 13:14:21.960246000 BST",00:5f:67:c9:86:04,ff:ff:ff:ff:ff:ff,380,0,00:5f:67:c9:86:04,647,48,0,8,0x0000000a64c0527d,0,Orange-8605,2,3,,,,,,,,
249,"Jul 30, 2023 13:14:22.543043000 BST",d6:7e:a7:8e:35:cb,ff:ff:ff:ff:ff:ff,234,0,d6:7e:a7:8e:35:cb,498,11,0,8,0x0000000000c506cf,0,Aya's Galaxy ,2,3,,,,,,,,
250,"Jul 30, 2023 13:14:22.544044000 BST",00:5f:67:c9:86:04,ff:ff:ff:ff:ff:ff,380,0,00:5f:67:c9:86:04,649,48,0,8,0x0000000a6552b301,0,Orange-8605,2,3,,,,,,,,
251,"Jul 30, 2023 13:14:23.561655000 BST",d6:7e:a7:8e:35:cb,ff:ff:ff:ff:ff:ff,234,0,d6:7e:a7:8e:35:cb,498,11,0,8,0x0000000000d4a608,0,Aya's Galaxy ,2,3,,,,,,,,
252,"Jul 30, 2023 13:14:23.562656000 BST",00:5f:67:c9:86:04,ff:ff:ff:ff:ff:ff,380,0,00:5f:67:c9:86:04,651,48,0,8,0x0000000a656252e1,0,Orange-8605,2,3,,,,,,,,
253,"Jul 30, 2023 13:14:24.585593000 BST",d6:7e:a7:8e:35:cb,ff:ff:ff:ff:ff:ff,234,0,d6:7e:a7:8e:35:cb,498,11,0,8,0x0000000000e444d6,0,Aya's Galaxy ,2,3,,,,,,,,
254,"Jul 30, 2023 13:14:24.585593000 BST",00:5f:67:c9:86:04,ff:ff:ff:ff:ff:ff,380,0,00:5f:67:c9:86:04,653,48,0,8,0x0000000a6571f353,0,Orange-8605,2,3,,,,,,,,
255,"Jul 30, 2023 13:14:25.607510000 BST",d6:7e:a7:8e:35:cb,ff:ff:ff:ff:ff:ff,234,0,d6:7e:a7:8e:35:cb,498,11,0,8,0x0000000000f3e988,0,Aya's Galaxy ,2,3,,,,,,,,
256,"Jul 30, 2023 13:14:25.610077000 BST",00:5f:67:c9:86:04,ff:ff:ff:ff:ff:ff,380,0,00:5f:67:c9:86:04,655,48,0,8,0x0000000a65817355,0,Orange-8605,2,3,,,,,,,,
257,"Jul 30, 2023 13:14:30.269220000 BST",d6:7e:a7:8e:35:cb,ff:ff:ff:ff:ff:ff,234,0,d6:7e:a7:8e:35:cb,498,11,0,8,0x0000000000fe1bb0,0,Aya's Galaxy ,2,3,,,,,,,,
258,"Jul 30, 2023 13:14:30.269220000 BST",00:5f:67:c9:86:04,ff:ff:ff:ff:ff:ff,380,0,00:5f:67:c9:86:04,657,48,0,8,0x0000000a658b7fe4,0,Orange-8605,2,3,,,,,,,,
259,"Jul 30, 2023 13:14:30.897005000 BST",d6:7e:a7:8e:35:cb,ff:ff:ff:ff:ff:ff,240,0,d6:7e:a7:8e:35:cb,498,11,0,8,0x0000000001450333,0,Aya's Galaxy ,2,3,,,,,,,,
260,"Jul 30, 2023 13:14:30.898409000 BST",00:5f:67:c9:86:04,ff:ff:ff:ff:ff:ff,380,0,00:5f:67:c9:86:04,659,48,0,8,0x0000000a65d23016,0,Orange-8605,2,3,,,,,,,,
261,"Jul 30, 2023 13:14:31.963214000 BST",d6:7e:a7:8e:35:cb,ff:ff:ff:ff:ff:ff,234,0,d6:7e:a7:8e:35:cb,498,11,0,8,0x000000000154c4dc,0,Aya's Galaxy ,2,3,,,,,,,,
262,"Jul 30, 2023 13:14:31.965295000 BST",00:5f:67:c9:86:04,ff:ff:ff:ff:ff:ff,380,0,00:5f:67:c9:86:04,661,48,0,8,0x0000000a65e272a6,0,Orange-8605,2,3,,,,,,,,
263,"Jul 30, 2023 13:14:33.088612000 BST",d6:7e:a7:8e:35:cb,ff:ff:ff:ff:ff:ff,234,0,d6:7e:a7:8e:35:cb,498,11,0,8,0x000000000163eb90,0,Aya's Galaxy ,2,3,,,,,,,,
264,"Jul 30, 2023 13:14:33.089387000 BST",00:5f:67:c9:86:04,ff:ff:ff:ff:ff:ff,380,0,00:5f:67:c9:86:04,663,48,0,8,0x0000000a65f16f47,0,Orange-8605,2,3,,,,,,,,
265,"Jul 30, 2023 13:14:33.970954000 BST",d6:7e:a7:8e:35:cb,ff:ff:ff:ff:ff:ff,234,0,d6:7e:a7:8e:35:cb,498,11,0,8,0x000000000163eb90,0,Aya's Galaxy ,2,3,,,,,,,,
266,"Jul 30, 2023 13:14:33.971959000 BST",00:5f:67:c9:86:04,ff:ff:ff:ff:ff:ff,380,0,00:5f:67:c9:86:04,665,48,0,8,0x0000000a66010fa4,0,Orange-8605,2,3,,,,,,,,
